seqnames	start	end	width	strand	SNP_id	REF	ALT	varType	motifPos	geneSymbol	dataSource	providerName	providerId	seqMatch	pctRef	pctAlt	scoreRef	scoreAlt	Refpvalue	Altpvalue	altPos	alleleDiff	effect
chr5	96984791	96984791	1	+	rs10044354	C	T	SNV	c(-5, 15)	CCNT2	ENCODE-motif	CCNT2_disc1	CCNT2_disc1	tcttcacctttTcaaatacttatctttttaggccctcttca  	0.775898775154313	0.914751564077789	7.65491484335609	8.96133267143276	0.00196127757612885	8.37101995330158e-05	1	1.30641782807667	strong
chr5	96984791	96984791	1	-	rs10044354	C	T	SNV	c(-2, 15)	GATA	ENCODE-motif	GATA_known14	GATA_known14	   tcacctttTcaaatacttatctttttaggccctct     	0.813368306366332	0.97396818569163	6.77565454077202	8.05464237937061	0.00235224851348903	1.56481110025197e-05	1	1.27898783859859	strong
chr5	96984791	96984791	1	-	rs10044354	C	T	SNV	c(-6, 4)	GATA	ENCODE-motif	GATA_known7	GATA_known7	          tTcaaatacttatctttttag            	0.766534121711569	0.992126213025728	5.77606384043812	7.41521561731157	0.00563359260559082	1.76429748535156e-05	1	1.63915177687346	strong
chr5	96984791	96984791	1	-	rs10044354	C	T	SNV	c(-3, 6)	GATA1	HOCOMOCO	GATA1_si	GATA1_HUMAN	           Tcaaatacttatcttttta             	0.801850251409272	0.983077097333703	8.80691702981077	10.7773828075091	0.00227832794189453	4.67300415039062e-05	1	1.97046577769835	strong
chr5	96984791	96984791	1	-	rs10044354	C	T	SNV	c(-4, 6)	GATA1	ENCODE-motif	GATA_known15	GATA_known15	          tTcaaatacttatctttttag            	0.809934303521164	0.990913226672267	6.71092215563421	8.16736497093595	0.00250482559204102	4.67300415039062e-05	1	1.45644281530174	strong
chr5	96984791	96984791	1	-	rs10044354	C	T	SNV	c(-5, 7)	GATA1	ENCODE-motif	GATA_known6	GATA_known6	        tttTcaaatacttatctttttaggc          	0.76629755207841	0.987227345325672	5.89583675485693	7.53498853173038	0.00421112775802612	2.54064798355103e-05	1	1.63915177687346	strong
chr5	96984791	96984791	1	+	rs10044354	C	T	SNV	c(-3, 6)	GATA1	ENCODE-motif	GATA_disc1	GATA_disc1	           Tcaaatacttatcttttta             	0.857486800780098	0.968431642734089	8.35299974157543	9.41302484491706	0.000475883483886719	5.7220458984375e-05	1	1.06002510334163	strong
chr5	96984791	96984791	1	-	rs10044354	C	T	SNV	c(-2, 5)	GATA2	HOCOMOCO	GATA2_si	GATA2_HUMAN	             aaatacttatctttt               	0.885222401185484	0.994404346709779	6.60167893280703	7.39690120665669	0.003448486328125	3.0517578125e-05	1	0.795222273849656	strong
chr5	96984791	96984791	1	+	rs10044354	C	T	SNV	c(-4, 5)	GATA2	HOMER	Gata2(Zf)/K562-GATA2-ChIP-Seq(GSE18829)/Homer	Gata2	           Tcaaatacttatcttttta             	0.814663084746832	0.985073728967235	7.88891309898562	9.50448416819398	0.00179100036621094	5.340576171875e-05	1	1.61557106920835	strong
chr5	96984791	96984791	1	-	rs10044354	C	T	SNV	c(-10, 11)	GATA3	ENCODE-motif	GATA_known16	GATA_known16	tcttcacctttTcaaatacttatctttttaggccctcttcag 	0.804373521693162	0.935408494748092	8.53129558531336	9.85379100267004	0.000767670183563496	1.93093208054052e-05	1	1.32249541735668	strong
chr5	96984791	96984791	1	-	rs10044354	C	T	SNV	c(-3, 6)	GATA4	HOMER	Gata4(Zf)/Heart-Gata4-ChIP-Seq(GSE35151)/Homer	Gata4	           Tcaaatacttatcttttta             	0.863657619425073	0.988000922774569	6.99601315149834	7.98137814592213	0.00134563446044922	8.86917114257812e-05	1	0.985364994423789	strong
chr5	96984791	96984791	1	-	rs10044354	C	T	SNV	c(-8, 8)	GATA5	HOCOMOCO	GATA5_f1	GATA5_HUMAN	    cacctttTcaaatacttatctttttaggccctc      	0.849162358038011	0.931559098751618	6.10094155530994	6.65981332037183	0.00237118179211393	9.04921325854957e-05	1	0.55887176506189	weak
chr5	96984791	96984791	1	-	rs10044354	C	T	SNV	c(-7, 9)	GATA6	ENCODE-motif	GATA_known18	GATA_known18	    cacctttTcaaatacttatctttttaggccctc      	0.847604607601542	0.981044303079317	7.22945122233731	8.32440453415515	0.00109847832936794	1.88845442607999e-05	1	1.09495331181783	strong
chr5	96984791	96984791	1	-	rs10044354	C	T	SNV	c(-4, 5)	HDAC2	ENCODE-motif	HDAC2_disc1	HDAC2_disc1	           Tcaaatacttatcttttta             	0.854672329995826	0.975079287451674	7.09601312454365	8.07302478913807	0.000974655151367188	5.43594360351562e-05	1	0.977011664594412	strong
chr5	96984791	96984791	1	+	rs10044354	C	T	SNV	c(-2, 5)	HMGN3	ENCODE-motif	HMGN3_disc2	HMGN3_disc2	             aaatacttatctttt               	0.808022600952401	0.984264838243948	7.66234979616147	9.30150157303493	0.001434326171875	3.0517578125e-05	1	1.63915177687345	strong
chr5	96984791	96984791	1	-	rs10044354	C	T	SNV	c(-5, 10)	MECOM	HOCOMOCO	EVI1_f1	EVI1_HUMAN	     acctttTcaaatacttatctttttaggccct       	0.731016429935075	0.823384593048036	10.2340596364685	11.4966695622065	0.000955658964812756	9.23976767808199e-05	1	1.26260992573796	strong
chr5	96984791	96984791	1	-	rs10044354	C	T	SNV	c(-7, 2)	NKX2-2	ENCODE-motif	NKX2-2_known_ref1	NKX2-2_1	           Tcaaatacttatcttttta             	0.796835695199764	0.951795862561911	8.57678918756081	10.2159409644343	0.00114250183105469	2.19345092773438e-05	1	1.63915177687345	strong
chr5	96984791	96984791	1	-	rs10044354	C	T	SNV	c(-8, 3)	NKX2-2	HOCOMOCO	NKX22_si	NKX22_HUMAN	         ttTcaaatacttatctttttagg           	0.756583790982901	0.932425214241901	7.48845507432688	9.18625120109517	0.00357329845428467	5.21540641784668e-05	1	1.69779612676829	strong
chr5	96984791	96984791	1	-	rs10044354	C	T	SNV	c(-7, 4)	NKX3-1	ENCODE-motif	NKX3-1_known_ref1	NKX3-1_1	         ttTcaaatacttatctttttagg           	0.823674581249846	0.971228537185813	7.66799481065334	9.00390866633551	0.000668048858642578	8.58306884765625e-06	1	1.33591385568216	strong
chr5	96984791	96984791	1	-	rs10044354	C	T	SNV	c(-9, 3)	NKX3-1	HOCOMOCO	NKX31_si	NKX31_HUMAN	        tttTcaaatacttatctttttaggc          	0.762640367149244	0.948711283964933	6.81310522688681	8.42857985559978	0.00354163348674774	2.69860029220581e-05	1	1.61547462871297	strong
chr5	96984791	96984791	1	-	rs10044354	C	T	SNV	c(-1, 9)	RUNX1	ENCODE-motif	RUNX1_known_ref3	RUNX1_3	          tTcaaatacttatctttttag            	0.765174118521962	0.862425875940924	10.0441640463226	11.2953658554058	0.000917434692382812	7.91549682617188e-05	1	1.25120180908314	strong
chr5	96984791	96984791	1	-	rs10044354	C	T	SNV	c(-3, 10)	RUNX1	ENCODE-motif	RUNX1_known_ref8	RUNX1_8	       ctttTcaaatacttatctttttaggcc         	0.755148882625816	0.832660901261605	10.4096903418609	11.4511206923584	0.00059942901134491	7.87675380706787e-05	1	1.0414303504975	strong
chr5	96984791	96984791	1	+	rs10044354	C	T	SNV	c(-3, 15)	TAL1	ENCODE-motif	TAL1_disc1	TAL1_disc1	  ttcacctttTcaaatacttatctttttaggccctctt    	0.785139616356557	0.900490726880532	7.45659706080696	8.50802531356687	0.00128147739451379	7.87218414188828e-05	1	1.05142825275992	strong
chr5	96984791	96984791	1	+	rs10044354	C	T	SNV	c(-3, 6)	NA	FactorBook	GATA1	GATA1	           Tcaaatacttatcttttta             	0.825550441128292	0.988698603224475	7.03311647619881	8.3885602242254	0.00194931030273438	4.76837158203125e-05	1	1.3554437480266	strong
chr5	96984791	96984791	1	-	rs10044354	C	T	SNV	c(-1, 6)	NA	FactorBook	TAL1	TAL1	             aaatacttatctttt               	0.833470131147254	0.995168434314481	7.7455054470863	9.22428006996464	0.00103759765625	3.0517578125e-05	1	1.47877462287834	strong
chr5	96984791	96984791	1	-	rs10044354	C	T	SNV	c(-4, 5)	NA	HOMER	Gata1(Zf)/K562-GATA1-ChIP-Seq(GSE18829)/Homer	Gata1	           Tcaaatacttatcttttta             	0.810366710890299	0.975661258487461	8.09455652243352	9.71012759164188	0.00177764892578125	5.340576171875e-05	1	1.61557106920835	strong
chr5	96984791	96984791	1	-	rs10044354	C	T	SNV	c(-4, 15)	NA	FactorBook	GATA1-ext	GATA1-ext	 cttcacctttTcaaatacttatctttttaggccctcttc   	0.821137322057248	0.966415089296025	6.82652087289369	7.97881722897253	0.0023397538534482	2.84111365544959e-05	1	1.15229635607884	strong
chr17	42745150	42745150	1	-	rs192042122	T	A	SNV	c(-9, -1)	BATF	ENCODE-motif	BATF_disc3	BATF_disc3	           Actgtcatttgccgccaaa             	0.856298654985878	0.736874176640108	11.9317485249492	10.2925967480757	0.0001068115234375	0.00138664245605469	1	-1.63915177687345	strong
chr17	42745150	42745150	1	+	rs192042122	T	A	SNV	c(-2, 5)	E2F1	ENCODE-motif	E2F_known10	E2F_known10	             tgtcatttgccgcca               	0.957652729316202	0.739115874060242	7.31584139658925	5.6766896197158	6.103515625e-05	0.0085601806640625	1	-1.63915177687345	strong
chr17	42745150	42745150	1	+	rs192042122	T	A	SNV	c(-2, 5)	E2F1	ENCODE-motif	E2F_known11	E2F_known11	             tgtcatttgccgcca               	0.97556680669373	0.784418163229307	8.48774009423025	6.84858831735679	1.52587890625e-05	0.0023651123046875	1	-1.63915177687346	strong
chr17	42745150	42745150	1	-	rs192042122	T	A	SNV	c(-3, 10)	E2F1	HOCOMOCO	E2F1_f2	E2F1_HUMAN	       cactActgtcatttgccgccaaaaccc         	0.916355151961021	0.818952008987076	7.23203370679421	6.48474971533816	5.83715736865997e-05	0.000853404402732849	1	-0.747283991456051	strong
chr17	42745150	42745150	1	+	rs192042122	T	A	SNV	c(-2, 5)	E2F1	ENCODE-motif	E2F_known22	E2F_known22	             tgtcatttgccgcca               	0.9413055764382	0.7875570084209	10.1770627855431	8.53791100866965	7.62939453125e-05	0.0019378662109375	1	-1.63915177687345	strong
chr17	42745150	42745150	1	+	rs192042122	T	A	SNV	c(-2, 5)	E2F1	ENCODE-motif	E2F_known2	E2F_known2	             tgtcatttgccgcca               	0.931210588108734	0.778275559947414	10.1233096924254	8.48415791555195	6.103515625e-05	0.001708984375	1	-1.63915177687345	strong
chr17	42745150	42745150	1	+	rs192042122	T	A	SNV	c(-5, 12)	E2F2	ENCODE-motif	E2F2_known_ref3	E2F2_3	   gacgcactActgtcatttgccgccaaaaccccgca     	0.855432855124115	0.793207146462735	16.926284586952	15.7229997576424	1.44862860906869e-06	1.4317745808512e-05	1	-1.20328482930961	strong
chr17	42745150	42745150	1	+	rs192042122	T	A	SNV	c(-5, 12)	E2F3	ENCODE-motif	E2F_known26	E2F_known26	   gacgcactActgtcatttgccgccaaaaccccgca     	0.872778864673648	0.814285447080245	17.8045762944581	16.6352989114616	5.01211616210639e-07	5.32262492924929e-06	1	-1.16927738299644	strong
chr17	42745150	42745150	1	+	rs192042122	T	A	SNV	c(-2, 9)	E2F4	ENCODE-motif	E2F_known30	E2F_known30	         ctActgtcatttgccgccaaaac           	0.908806344710806	0.82430296371944	16.5649428794237	15.0460448084499	1.49011611938477e-06	2.41994857788086e-05	1	-1.51889807097386	strong
chr17	42745150	42745150	1	+	rs192042122	T	A	SNV	c(-2, 5)	E2F4	ENCODE-motif	E2F_known13	E2F_known13	             tgtcatttgccgcca               	0.957248851597444	0.767549636267064	8.39422587332145	6.755074096448	4.57763671875e-05	0.0043487548828125	1	-1.63915177687345	strong
chr17	42745150	42745150	1	-	rs192042122	T	A	SNV	c(-3, 6)	E2F4	HOMER	E2F4(E2F)/K562-E2F4-ChIP-Seq(GSE31477)/Homer	E2F4	           Actgtcatttgccgccaaa             	0.946561143324733	0.83626651196661	5.90778176595611	5.24849161695782	5.91278076171875e-05	0.00160503387451172	1	-0.659290148998286	weak
chr17	42745150	42745150	1	+	rs192042122	T	A	SNV	c(-2, 9)	E2F4	ENCODE-motif	E2F_known29	E2F_known29	         ctActgtcatttgccgccaaaac           	0.788491956439785	0.760664789943019	13.5502561778794	13.0804356775438	9.4294548034668e-05	0.000194847583770752	1	-0.469820500335622	weak
chr17	42745150	42745150	1	+	rs192042122	T	A	SNV	c(-3, 10)	E2F7	ENCODE-motif	E2F7_known_ref1	E2F7_1	       cactActgtcatttgccgccaaaaccc         	0.910819460629305	0.826316033222151	17.8689039064157	16.2374044152639	4.73111867904663e-07	1.24312937259674e-05	1	-1.63149949115178	strong
chr17	42745150	42745150	1	+	rs192042122	T	A	SNV	c(-2, 9)	E2F8	ENCODE-motif	E2F8_known_ref1	E2F8_1	         ctActgtcatttgccgccaaaac           	0.906577135130327	0.813405593272918	15.4922000389685	13.9270052720741	1.9073486328125e-06	3.45110893249512e-05	1	-1.5651947668944	strong
chr17	42745150	42745150	1	+	rs192042122	T	A	SNV	c(-9, 5)	PDX1	ENCODE-motif	PDX1_known_ref2	PDX1_2	      gcactActgtcattagccgccaaaacccc        	0.813742763352774	0.973866207394775	6.36483338569775	7.56917468046584	0.00374887697398663	9.90182161331177e-06	1	1.20434129476809	strong
chr17	42745150	42745150	1	+	rs192042122	T	A	SNV	c(-7, 1)	PDX1	HOCOMOCO	PDX1_do	PDX1_HUMAN	            ctgtcattagccgccaa              	0.787480176249738	0.967645636028719	8.30923760523365	10.1872167478092	0.002227783203125	2.6702880859375e-05	1	1.87797914257559	strong
chr17	42745150	42745150	1	-	rs192042122	T	A	SNV	c(-11, 4)	TGIF1	HOCOMOCO	TGIF1_f1	TGIF1_HUMAN	     cgcactActgtcatttgccgccaaaaccccg       	0.842587107165676	0.750715155228054	4.72104911046405	4.24057215509207	0.000109077431261539	0.00149304489605129	1	-0.480476955371981	weak
chr17	42745150	42745150	1	-	rs192042122	T	A	SNV	c(-3, 8)	NA	HOMER	E2F(E2F)/Hela-CellCycle-Expression/Homer	E2F	         ctActgtcatttgccgccaaaac           	0.912003253743714	0.843903766825349	9.10856136337744	8.44454416668861	2.5331974029541e-05	0.000229537487030029	1	-0.664017196688825	weak
chr6	31498440	31498440	1	+	rs41293864	C	T	SNV	c(1, 19)	FOXP1	ENCODE-motif	FOXP1_known_ref1	FOXP1_1	 agccctgcttTcccatctctcgtctcttttttttttttt   	0.650300701812841	0.71867673600945	15.0568290748765	16.6066907688373	0.000770786418797798	9.0891849140462e-05	1	1.54986169396079	strong
chr6	31498440	31498440	1	+	rs41293864	C	T	SNV	c(1, 11)	FUBP1	HOCOMOCO	FUBP1_f1	FUBP1_HUMAN	         ttTcccatctctcgtctcttttt           	0.868021326883311	0.963439022875393	6.71746996552949	7.42304507102754	0.000418245792388916	5.18560409545898e-06	1	0.70557510549805	strong
chr6	31498440	31498440	1	-	rs41293864	C	T	SNV	c(-11, 5)	KLF15	HOCOMOCO	KLF15_f1	KLF15_HUMAN	    cctgcttTcccatctcccgtctctttttttttt      	0.832367659995086	0.739041707064909	6.43586172582201	5.75231682870266	0.000111624714918435	0.00190312322229147	1	-0.683544897119346	weak
chr6	31272319	31272319	1	-	rs9366775	G	A	SNV	c(-3, 11)	IRF1	ENCODE-motif	IRF_disc4	IRF_disc4	      ctgagAccctgagagccccgcccgggacc        	0.926398401495734	0.876478545479251	9.50815938026106	9.0108657606104	7.28201121091843e-06	6.01187348365784e-05	1	-0.497293619650659	weak
chr6	31272319	31272319	1	-	rs9366775	G	A	SNV	c(1, 9)	KLF5	HOMER	KLF5(Zf)/LoVo-KLF5-ChIP-Seq(GSE49402)/Homer	KLF5	           Accctgagagccccgcccg             	0.981172967374002	0.926422644687361	8.52382955758648	8.05962046387873	1.43051147460938e-05	0.000163078308105469	1	-0.464209093707749	weak
chr6	31272319	31272319	1	+	rs9366775	G	A	SNV	c(1, 7)	NR2C2	ENCODE-motif	NR2C2_disc3	NR2C2_disc3	             cctgagaaccccgcc               	0.822229699764369	0.991958323904953	8.10053278976533	9.73968456663878	0.002349853515625	9.1552734375e-05	1	1.63915177687345	strong
chr6	31272319	31272319	1	-	rs9366775	G	A	SNV	c(-13, 5)	PPARA	ENCODE-motif	PPARA_known_ref2	PPARA_2	  gagcctgagAccctgagaaccccgcccgggacctggg    	0.769048788988161	0.841636977095597	10.935527710095	11.9333323167085	0.000340579426847398	4.01509387302212e-05	1	0.997804606613538	strong
chr6	31272319	31272319	1	+	rs9366775	G	A	SNV	c(-6, 14)	REST	ENCODE-motif	REST_known2	REST_known2	tggagcctgagAccctgagaaccccgcccgggacctgggac  	0.701892559240701	0.73034823108289	14.6006189990131	15.1806300577738	0.000191562007330504	7.31544928385119e-05	1	0.580011058760714	weak
chr6	31272319	31272319	1	+	rs9366775	G	A	SNV	c(-1, 10)	SP1	HOMER	Sp1(Zf)/Promoter/Homer	Sp1	         agAccctgagagccccgcccggg           	0.922731010701863	0.824384855798399	12.0961364693835	10.8315642033053	6.25848770141602e-06	0.000106990337371826	1	-1.26457226607824	strong
chr6	31272319	31272319	1	+	rs9366775	G	A	SNV	c(-3, 13)	SP4	ENCODE-motif	SP4_known_ref2	SP4_2	    gcctgagAccctgagagccccgcccgggacctg      	0.845579122011022	0.794975476608732	12.4947044828855	11.7650171632148	3.36436787620187e-05	0.000156796886585653	1	-0.729687319670699	strong
chr6	31272319	31272319	1	-	rs9366775	G	A	SNV	c(1, 9)	TBP	ENCODE-motif	TATA_disc4	TATA_disc4	           Accctgagagccccgcccg             	0.956434601462626	0.90251724608643	10.9133656352439	10.3079984312364	3.814697265625e-06	2.38418579101562e-05	1	-0.605367204007541	weak
chr6	31272319	31272319	1	+	rs9366775	G	A	SNV	c(-1, 6)	ZBTB33	ENCODE-motif	ZBTB33_disc4	ZBTB33_disc4	             cctgagaaccccgcc               	0.830427831811539	0.983217940089879	9.07562250080038	10.7147742776738	0.000518798828125	1.52587890625e-05	1	1.63915177687345	strong
chr6	31271729	31271729	1	-	rs1050414	C	G	SNV	c(-1, 8)	BCL3	ENCODE-motif	BCL_disc6	BCL_disc6	           Cggcgcccggggctcccct             	0.818160751403593	0.925797208517464	8.461059645368	9.5515991786596	0.000807762145996094	6.103515625e-05	1	1.0905395332916	strong
chr6	31271729	31271729	1	-	rs1050414	C	G	SNV	c(-7, 2)	EGR1	ENCODE-motif	EGR1_disc3	EGR1_disc3	           Cggcgcccgcggctcccct             	0.91376766154577	0.769608320494957	10.5733538071066	8.93420203023318	4.57763671875e-05	0.0013580322265625	1	-1.63915177687345	strong
chr6	31271729	31271729	1	-	rs1050414	C	G	SNV	c(-9, -1)	EP300	ENCODE-motif	EP300_disc8	EP300_disc8	           Cggcgcccgcggctcccct             	1	0.83553977456096	6.77670137847458	5.69717166148915	0	0.000283241271972656	1	-1.07952971698543	strong
chr6	31271729	31271729	1	-	rs1050414	C	G	SNV	c(-6, 7)	ETS1	ENCODE-motif	ETS_disc7	ETS_disc7	       cccaCggcgcccgcggctcccctctcg         	0.970447095773884	0.888105220046289	4.89309014558491	4.48764283312709	4.43756580352783e-05	0.00100544095039368	1	-0.405447312457816	weak
chr6	31271729	31271729	1	-	rs1050414	C	G	SNV	c(-2, 8)	NFKB1	ENCODE-motif	NFKB_known8	NFKB_known8	          aCggcgcccggggctcccctc            	0.779880972810517	0.895088009156823	9.16282168667808	10.4849755864185	0.000884771347045898	4.79221343994141e-05	1	1.32215389974037	strong
chr6	31271729	31271729	1	-	rs1050414	C	G	SNV	c(-1, 10)	NFKB1	HOMER	NFkB-p50,p52(RHD)/Monocyte-p50-ChIP-Chip(Schreiber et al.)/Homer	NFkB-p50,p52	         caCggcgcccggggctcccctct           	0.699035781452996	0.830170631831652	7.7924557136198	9.19611419122032	0.00193542242050171	7.19428062438965e-05	1	1.40365847760052	strong
chr6	31271729	31271729	1	-	rs1050414	C	G	SNV	c(-1, 9)	NFKB1	HOCOMOCO	NFKB1_f1	NFKB1_HUMAN	          aCggcgcccggggctcccctc            	0.767201185702635	0.921519325394394	8.09006715877396	9.68372294155918	0.00157594680786133	3.4332275390625e-05	1	1.59365578278523	strong
chr6	31271729	31271729	1	-	rs1050414	C	G	SNV	c(-1, 8)	NFKB1	ENCODE-motif	NFKB_known1	NFKB_known1	           Cggcgcccggggctcccct             	0.799561903953411	0.931992320341381	10.0630651332497	11.7022169101232	0.000385284423828125	4.76837158203125e-06	1	1.63915177687346	strong
chr6	31271729	31271729	1	-	rs1050414	C	G	SNV	c(-6, 6)	POU2F2	ENCODE-motif	POU2F2_disc2	POU2F2_disc2	        ccaCggcgcccgcggctcccctctc          	0.986898704087199	0.895413724089594	4.98039894431124	4.53138827062043	2.57939100265503e-05	0.00132797658443451	1	-0.449010673690807	weak
chr6	31271729	31271729	1	-	rs1050414	C	G	SNV	c(-7, 2)	SETDB1	ENCODE-motif	SETDB1_disc2	SETDB1_disc2	           Cggcgcccgcggctcccct             	0.949847713092979	0.784169097198331	8.11684799047147	6.72785083282235	2.09808349609375e-05	0.00189590454101562	1	-1.38899715764912	strong
chr6	31271729	31271729	1	-	rs1050414	C	G	SNV	c(-11, -1)	YY1	ENCODE-motif	YY1_disc5	YY1_disc5	         caCggcgcccgcggctcccctct           	0.965654196013585	0.860637210407812	4.08827860829382	3.6562473573871	4.63128089904785e-05	0.00219100713729858	1	-0.432031250906717	weak
chr6	31271729	31271729	1	-	rs1050414	C	G	SNV	c(-7, 3)	ZBTB33	ENCODE-motif	ZBTB33_disc2	ZBTB33_disc2	          aCggcgcccgcggctcccctc            	0.976300682372425	0.838172410778422	5.88473792253102	5.07148688145083	7.17639923095703e-05	0.0078425407409668	1	-0.813251041080192	strong
chr6	31142170	31142170	1	-	rs2523833	C	T	SNV	c(-3, 8)	TCF7L1	ENCODE-motif	TCF7L1_known_ref2	TCF7L1_2	         agTgcctagctttgacattcctg           	0.708962378994033	0.838655778244696	9.25987171026298	10.8990234871364	0.00155931711196899	5.79953193664551e-05	1	1.63915177687345	strong
chr6	31142170	31142170	1	-	rs2523833	C	T	SNV	c(-3, 6)	TCF7L1	HOMER	Tcf3(HMG)/mES-Tcf3-ChIP-Seq(GSE11724)/Homer	Tcf3	           Tgcctagctttgacattcc             	0.787672151575717	0.949093786442788	8.06393507673819	9.67950614594655	0.00174617767333984	4.48226928710938e-05	1	1.61557106920835	strong
chr6	31142170	31142170	1	-	rs2523833	C	T	SNV	c(-5, 6)	TCF7L2	HOMER	Tcf4(HMG)/Hct116-Tcf4-ChIP-Seq(SRA012054)/Homer	Tcf4	         agTgcctagctttgacattcctg           	0.738692147143228	0.882576991233953	8.20671881394177	9.75981641398671	0.00255227088928223	0.000103294849395752	1	1.55309760004494	strong
chr6	31142170	31142170	1	-	rs2523833	C	T	SNV	c(-3, 6)	NA	HOMER	TCFL2(HMG)/K562-TCF7L2-ChIP-Seq(GSE29196)/Homer	TCFL2	           Tgcctagctttgacattcc             	0.750843344441974	0.874882516716283	9.96814319404081	11.5837142632492	0.00147438049316406	8.96453857421875e-05	1	1.61557106920835	strong
chr6	31498759	31498759	1	+	rs41293876	G	C	SNV	c(1, 9)	CCNT2	ENCODE-motif	CCNT2_disc2	CCNT2_disc2	           Agccaccgcccccgacctc             	0.741312335072642	0.898214556649051	7.0590288292918	8.52023408867311	0.00372314453125	8.29696655273438e-05	1	1.46120525938131	strong
chr6	31498759	31498759	1	+	rs41293876	G	C	SNV	c(-5, 8)	EGR	ENCODE-motif	EGR1_known4	EGR1_known4	       cgtgAgccaccgcccccgacctcctgt         	0.769048701315605	0.913322113750653	7.86022255426771	9.27536850635735	0.00159236416220665	2.61329114437103e-05	1	1.41514595208964	strong
chr6	31498759	31498759	1	+	rs41293876	G	C	SNV	c(-4, 5)	EGR1	ENCODE-motif	EGR1_disc1	EGR1_disc1	           Agccaccgcccccgacctc             	0.78630168371684	0.90837863112589	10.7346185973162	12.3737703741896	0.000479698181152344	1.9073486328125e-05	1	1.63915177687346	strong
chr6	31498759	31498759	1	-	rs41293876	G	C	SNV	c(-4, 6)	EGR1	HOCOMOCO	EGR1_f2	EGR1_HUMAN	          gAgccaccgcccccgacctcc            	0.793100926742979	0.898173994242755	9.05030818210568	10.2325666691028	0.000934600830078125	6.866455078125e-05	1	1.18225848699708	strong
chr6	31498759	31498759	1	+	rs41293876	G	C	SNV	c(-5, 8)	EGR1	ENCODE-motif	EGR1_known7	EGR1_known7	       cgtgAgccaccgcccccgacctcctgt         	0.749352238172139	0.896711001514475	7.96448574951511	9.46635915119292	0.00168360769748688	4.04641032218933e-05	1	1.50187340167781	strong
chr6	31498759	31498759	1	-	rs41293876	G	C	SNV	c(-7, 6)	HF1H3B	ENCODE-motif	HF1H3B_known_ref1	HF1H3B_1	       cgtgAgccaccgcccccgacctcctgt         	0.726483641470632	0.788665128058793	12.7815062798077	13.8553790560192	0.00043448805809021	7.27921724319458e-05	1	1.07387277621146	strong
chr6	31498759	31498759	1	-	rs41293876	G	C	SNV	c(-10, 4)	IRF1	ENCODE-motif	IRF_disc4	IRF_disc4	      gcgtgAgccaccgcccccgacctcctgtc        	0.80072253453105	0.884534770058106	8.25619649869813	9.0911205810613	0.000569927506148815	4.44874167442322e-05	1	0.834924082363164	strong
chr6	31498759	31498759	1	-	rs41293876	G	C	SNV	c(-4, 3)	KLF6	HOCOMOCO	KLF6_si	KLF6_HUMAN	             ccaccgcccccgacc               	0.765695308109658	1	4.61656377364984	5.97810812296859	0.0070037841796875	0	1	1.36154434931875	strong
chr6	31498759	31498759	1	+	rs41293876	G	C	SNV	c(-8, 7)	KLF7	ENCODE-motif	KLF7_known_ref1	KLF7_1	     ggcgtgAgccaccgcgcccgacctcctgtct       	0.934771584906472	0.869277052692295	9.23663438384703	8.61006151140473	4.50597144663334e-05	0.0002311987336725	1	-0.626572872442301	weak
chr6	31498759	31498759	1	-	rs41293876	G	C	SNV	c(-6, 10)	PURA	HOCOMOCO	PURA_f1	PURA_HUMAN	    aggcgtgAgccaccgcccccgacctcctgtctc      	0.762284851444354	0.840253092524799	4.49890644725964	4.92927720313746	0.000740539690013975	5.26655348949134e-05	1	0.430370755877824	weak
chr6	31498759	31498759	1	-	rs41293876	G	C	SNV	c(-8, 4)	SP1	ENCODE-motif	SP1_known5	SP1_known5	        gtgAgccaccgcccccgacctcctg          	0.812100403946126	0.946347004865784	6.36980124943416	7.37110374704813	0.00151738524436951	4.36455011367798e-05	1	1.00130249761397	strong
chr6	31498759	31498759	1	-	rs41293876	G	C	SNV	c(-7, 3)	SP1	HOCOMOCO	SP1_f1	SP1_HUMAN	          gAgccaccgcccccgacctcc            	0.755398838771377	0.922497982955695	8.0100213437692	9.73484340820584	0.00207352638244629	2.36034393310547e-05	1	1.72482206443664	strong
chr6	31498759	31498759	1	-	rs41293876	G	C	SNV	c(-10, 8)	SP1	HOCOMOCO	SP1_f2	SP1_HUMAN	  acaggcgtgAgccaccgcccccgacctcctgtctcct    	0.763010731663683	0.91153552730751	8.64988816667641	10.2556278748371	0.0012720142804028	1.21628618217073e-05	1	1.60573970816072	strong
chr6	31498759	31498759	1	+	rs41293876	G	C	SNV	c(-8, 3)	SP1	HOMER	Sp1(Zf)/Promoter/Homer	Sp1	         tgAgccaccgcccccgacctcct           	0.716786688034432	0.836370725481389	9.44802603682884	10.9856830745597	0.00151699781417847	8.09431076049805e-05	1	1.5376570377309	strong
chr6	31498759	31498759	1	-	rs41293876	G	C	SNV	c(-8, 4)	SP1	ENCODE-motif	SP1_known2	SP1_known2	        gtgAgccaccgcccccgacctcctg          	0.807338586291068	0.935162170809967	6.83551161326759	7.86942459475118	0.00135476887226105	3.33040952682495e-05	1	1.03391298148358	strong
chr6	31498759	31498759	1	-	rs41293876	G	C	SNV	c(-7, 2)	SP1	ENCODE-motif	SP1_known4	SP1_known4	           Agccaccgcccccgacctc             	0.823401239575075	0.9338069546036	6.54925994831135	7.38943695072023	0.00122261047363281	8.96453857421875e-05	1	0.840177002408874	strong
chr6	31498759	31498759	1	+	rs41293876	G	C	SNV	c(-6, 3)	SP1	ENCODE-motif	SP1_known6	SP1_known6	           Agccaccgcccccgacctc             	0.807600630723118	0.937356444478667	6.34828254705982	7.325459906128	0.00186729431152344	7.15255737304688e-05	1	0.977177359068183	strong
chr6	31498759	31498759	1	-	rs41293876	G	C	SNV	c(-12, 7)	SP3	HOCOMOCO	SP3_f1	SP3_HUMAN	 tacaggcgtgAgccaccgcccccgacctcctgtctcctt   	0.7858041476899	0.900202368260088	7.77156584858169	8.83999200801244	0.00106867785871145	3.79333996534115e-05	1	1.06842615943075	strong
chr6	31498759	31498759	1	+	rs41293876	G	C	SNV	c(-8, 8)	SP4	ENCODE-motif	SP4_known_ref1	SP4_1	    aggcgtgAgccaccgcccccgacctcctgtctc      	0.812854768139621	0.966092004133157	8.56887304688999	10.1328508644505	0.000829707307275385	1.84816308319569e-05	1	1.56397781756051	strong
chr6	31498759	31498759	1	-	rs41293876	G	C	SNV	c(-7, 2)	TBP	ENCODE-motif	TATA_disc4	TATA_disc4	           Agccaccgcccccgacctc             	0.811757441590433	0.874241484147644	9.28897573064839	9.99052701917183	0.000316619873046875	5.62667846679688e-05	1	0.701551288523445	strong
chr6	31498759	31498759	1	-	rs41293876	G	C	SNV	c(-7, 5)	WT1	HOCOMOCO	WT1_f1	WT1_HUMAN	        gtgAgccaccgcccccgacctcctg          	0.795573701519035	0.896434271963559	7.50717271569084	8.4275243974763	0.00113551318645477	8.96602869033813e-05	1	0.920351681785462	strong
chr6	31498759	31498759	1	-	rs41293876	G	C	SNV	c(-4, 3)	ZBTB14	ENCODE-motif	ZBTB14_known_ref2	ZBTB14_2	             ccaccgcgcccgacc               	1	0.894034448981371	4.20779150062423	3.78923521589249	0	0.0003814697265625	1	-0.418556284731748	weak
chr6	31498759	31498759	1	-	rs41293876	G	C	SNV	c(-6, 2)	ZIC1	HOCOMOCO	ZIC1_f1	ZIC1_HUMAN	            gccaccgcccccgacct              	0.841002084880067	0.965196696552662	4.89578862165721	5.60209991210396	0.00306320190429688	9.918212890625e-05	1	0.706311290446749	strong
chr6	31498759	31498759	1	-	rs41293876	G	C	SNV	c(-6, 2)	ZIC2	HOCOMOCO	ZIC2_f1	ZIC2_HUMAN	            gccaccgcccccgacct              	0.787337845828867	0.953377374522252	3.5989507206253	4.29620860540519	0.00313186645507812	0.000102996826171875	1	0.69725788477989	weak
chr6	31498759	31498759	1	-	rs41293876	G	C	SNV	c(-6, 8)	ZNF148	HOCOMOCO	ZN148_si	ZN148_HUMAN	      gcgtgAgccaccgcccccgacctcctgtc        	0.798257272273395	0.90374107646125	9.00348328127983	10.1566096865918	0.000489236786961555	2.3948960006237e-05	1	1.15312640531193	strong
chr6	31498759	31498759	1	+	rs41293876	G	C	SNV	c(-8, 6)	ZNF281	ENCODE-motif	ZNF281_known_ref1	ZNF281_1	      gcgtgAgccaccgcccccgacctcctgtc        	0.753241543850461	0.897470773599031	7.41587453316001	8.76076982421304	0.0018639899790287	6.05229288339615e-05	1	1.34489529105304	strong
chr6	31498759	31498759	1	+	rs41293876	G	C	SNV	c(-6, 8)	NA	FactorBook	UA3	UA3	      gcgtgAgccaccgcccccgacctcctgtc        	0.765422267667696	0.94626737040778	6.48355963967957	7.94099256851929	0.00451777130365372	4.8457644879818e-05	1	1.45743292883972	strong
chr6	31498759	31498759	1	-	rs41293876	G	C	SNV	c(-7, 3)	NA	FactorBook	ZNF281	ZNF281	          gAgccaccgcccccgacctcc            	0.855715825246906	0.89773516499765	8.81786094880192	9.24302863299147	0.000135183334350586	3.50475311279297e-05	1	0.425167684189555	weak
chr6	31498759	31498759	1	-	rs41293876	G	C	SNV	c(-6, 8)	NA	FactorBook	E2F1	E2F1	      gcgtgAgccaccgcgcccgacctcctgtc        	0.948784428001644	0.769963140653201	7.45447206411365	6.09724366575543	1.61882489919662e-05	0.00634706951677799	1	-1.35722839835822	strong
chr6	31498759	31498759	1	-	rs41293876	G	C	SNV	c(-12, 9)	NA	FactorBook	EGR1	EGR1	ttacaggcgtgAgccaccgcccccgacctcctgtctcctttc 	0.745017959536466	0.881074351418728	9.38709796670169	11.0262497435751	0.0012961827081881	3.95226363139045e-05	1	1.63915177687346	strong
chr6	30211411	30211411	1	-	rs11967808	G	C	SNV	c(-4, 11)	GLIS2	ENCODE-motif	GLIS2_known_ref1	GLIS2_1	tctattCtgatcctgggggggtccaagtctg  	0.984961750952073	0.917371469053971	8.86414345633879	8.27669116651931	4.11411747336388e-06	6.50838483124971e-05	1	-0.587452289819488	weak
chr6	30211411	30211411	1	+	rs11967808	G	C	SNV	c(-2, 7)	GLIS3	HOCOMOCO	GLIS3_f1	GLIS3_HUMAN	      Ctgatcctgggggggtcca        	0.905929826348892	0.831935362429236	7.73578292294776	7.11517831297741	9.25064086914062e-05	0.000593185424804688	1	-0.620604609970349	weak
chr6	30211411	30211411	1	+	rs11967808	G	C	SNV	c(-4, 7)	NFKB1	ENCODE-motif	NFKB_disc2	NFKB_disc2	    ttCtgatcctgggggggtccaag      	0.97584376054026	0.841397876157958	7.01764898093986	6.06875651159824	2.09212303161621e-05	0.006641685962677	1	-0.948892469341618	strong
chr6	30211411	30211411	1	+	rs11967808	G	C	SNV	c(-4, 8)	PATZ1	ENCODE-motif	PATZ1_known_ref1	PATZ1_1	   attCtgatcctgggggggtccaagt     	0.927209362152178	0.808168117401	9.84206605994656	8.60602460843222	4.67002391815186e-05	0.000799193978309631	1	-1.23604145151434	strong
chr6	30211411	30211411	1	-	rs11967808	G	C	SNV	c(-6, 8)	ZBTB7B	ENCODE-motif	ZBTB7A_known2	ZBTB7A_known2	 ctattCtgatcctgggggggtccaagtct   	0.947795157699176	0.88470199651506	7.95189065912963	7.44404365308408	6.11739233136177e-05	0.000570468604564667	1	-0.50784700604555	weak
chr6	30211411	30211411	1	+	rs11967808	G	C	SNV	c(-1, 7)	ZIC1	HOCOMOCO	ZIC1_f1	ZIC1_HUMAN	       tgatcctgggggggtcc         	0.980442450777686	0.823250000064329	5.68880454602881	4.79483015199849	2.6702880859375e-05	0.0043792724609375	1	-0.893974394030315	strong
chr6	30211411	30211411	1	+	rs11967808	G	C	SNV	c(-1, 7)	ZIC2	HOCOMOCO	ZIC2_f1	ZIC2_HUMAN	       tgatcctgggggggtcc         	0.972246512480526	0.829528431134048	4.37544669602095	3.77612370165585	2.6702880859375e-05	0.00128555297851562	1	-0.599322994365098	weak
chr6	30211411	30211411	1	-	rs11967808	G	C	SNV	c(-6, 9)	ZNF740	ENCODE-motif	ZNF740_known_ref1	ZNF740_1	tctattCtgatcctgggggggtccaagtctg  	0.965617869548879	0.858574157563864	7.82242856736635	6.98976760249076	2.65841372311115e-05	0.00103992037475109	1	-0.832660964875595	strong
chr6	30211411	30211411	1	-	rs11967808	G	C	SNV	c(-3, 6)	ZNF740	ENCODE-motif	ZNF740_known_ref2	ZNF740_2	      Ctgatcctgggggggtcca        	0.969931277179842	0.832453049742261	9.36926940977956	8.07691769182568	1.1444091796875e-05	0.000501632690429688	1	-1.29235171795388	strong
chr6	30211411	30211411	1	-	rs11967808	G	C	SNV	c(-3, 6)	ZNF740	ENCODE-motif	ZNF740_known_ref3	ZNF740_3	      Ctgatcctgggggggtcca        	0.950104479500499	0.804369522687814	10.0101251861502	8.52451188841059	1.52587890625e-05	0.000715255737304688	1	-1.48561329773958	strong
chr6	30211411	30211411	1	-	rs11967808	G	C	SNV	c(-3, 6)	ZNF740	ENCODE-motif	ZNF740_known_ref4	ZNF740_4	      Ctgatcctgggggggtcca        	0.978437752196014	0.852251466143866	6.3655245040317	5.58023612026023	1.23977661132812e-05	0.000492095947265625	1	-0.785288383771471	strong
chr5	96937329	96937329	1	-	rs2548225	A	T	SNV	c(-10, 1)	ATF5	HOCOMOCO	ATF5_si	ATF5_HUMAN	    atAttctcccttttcctaatgta      	0.856267204273819	0.952321142124756	9.03938082910059	10.0266886374082	0.000234425067901611	2.14576721191406e-05	1	0.987307808307632	strong
chr5	96937329	96937329	1	-	rs2548225	A	T	SNV	c(-2, 8)	IKZF2	ENCODE-motif	IKZF2_known_ref3	IKZF2_3	     tAttctcccttttcctaatgt       	0.906312442888158	0.988521902964529	7.21081641489598	7.84222827489118	0.000277042388916016	9.05990600585938e-06	1	0.631411859995201	weak
chr5	96937329	96937329	1	-	rs2548225	A	T	SNV	c(-9, 3)	IRF2	ENCODE-motif	IRF_known2	IRF_known2	   tatAttctcccttttcctaatgtag     	0.741457920138441	0.841657927081818	12.3495702039883	13.9887219808618	0.000436201691627502	2.78502702713013e-05	1	1.63915177687345	strong
chr5	96937329	96937329	1	-	rs2548225	A	T	SNV	c(-3, 8)	NFAT	ENCODE-motif	NFAT_known_ref1	NFAT_1	    atAttctcccttttcctaatgta      	0.797617169015669	0.982002863069353	6.29690436026848	7.70299583951314	0.00465822219848633	0.000102519989013672	1	1.40609147924465	strong
chr5	96937329	96937329	1	+	rs2548225	A	T	SNV	c(-11, 5)	TEAD1	ENCODE-motif	TEAD1_known_ref4	TEAD1_4	gattatAttctccctattcctaatgtagaatg 	0.840494241878925	0.713259925735318	10.5599920587185	9.0093388884074	4.43244935013354e-05	0.00161636312259361	1	-1.55065317031115	strong
chr5	96937329	96937329	1	+	rs2548225	A	T	SNV	c(-11, 5)	TEAD3	ENCODE-motif	TEAD3_known_ref1	TEAD3_1	gattatAttctccctattcctaatgtagaatg 	0.839399891467907	0.727765660266558	10.571189538545	9.2095779855634	3.95371462218463e-05	0.00094611820532009	1	-1.36161155298159	strong
chr12	6277170	6277170	1	-	rs4764551	C	T	SNV	c(-9, 6)	NKX2-6	ENCODE-motif	NKX2-6_known_ref1	NKX2-6_1	tttccaTaaggaaagtggctcctcctcccag  	0.721932106348497	0.857628330564375	7.96455514368057	9.40771653257535	0.00246133888140321	0.000100216828286648	1	1.44316138889478	strong
chr12	6277170	6277170	1	+	rs4764551	C	T	SNV	c(-7, 3)	NKX3-2	HOCOMOCO	NKX32_f1	NKX32_HUMAN	     aTaaggaaagtggctcctcct       	0.760197614725477	0.962476845470969	6.29922648709864	7.92358774010355	0.00547695159912109	6.74724578857422e-05	1	1.62436125300491	strong
chr5	96967994	96967994	1	-	rs1559267	A	T	SNV	c(-2, 9)	ELF1	ENCODE-motif	ELF1_known1	ELF1_known1	        ctAaaccttctttcctcaacttc          	0.75526929751914	0.921502677387672	7.6540224124752	9.29317418934865	0.00396156311035156	0.000102758407592773	1	1.63915177687346	strong
chr5	96967994	96967994	1	+	rs1559267	A	T	SNV	c(-4, 6)	GATA2	ENCODE-motif	GATA_disc3	GATA_disc3	         tAaaccttctttcctcaactt           	0.820479956366642	0.963432756582693	7.1492767226227	8.36085221493152	0.00133800506591797	9.98973846435547e-05	1	1.21157549230882	strong
chr5	132464269	132464269	1	+	rs2706336	T	C	SNV	c(-2, 14)	CTCF	ENCODE-motif	CTCF_known2	CTCF_known2	   ctaccagTccagtacccgccctctgagggtgcc     	0.734416018189806	0.818211819844702	11.037431855921	12.2616751199448	0.0005538011319004	4.77007124572992e-05	1	1.22424326402376	strong
chr5	132464269	132464269	1	+	rs2706336	T	C	SNV	c(-1, 8)	CTCFL	ENCODE-motif	CTCFL_disc1	CTCFL_disc1	          Tccagtacccgccctctga            	0.864422768595888	0.924808075172417	10.9006349208124	11.6482234928494	7.15255737304688e-05	1.04904174804688e-05	1	0.747588572037005	strong
chr5	132464269	132464269	1	-	rs2706336	T	C	SNV	c(-1, 8)	ESRRA	HOMER	Erra(NR)/HepG2-Erra-ChIP-Seq(GSE31477)/Homer	Erra	          Tccagtacctgccctctga            	0.932635648800679	0.763063473476671	8.08696051662112	6.65659671286598	4.76837158203125e-05	0.00319480895996094	1	-1.43036380375514	strong
chr5	132464269	132464269	1	-	rs2706336	T	C	SNV	c(-7, 7)	IRF1	ENCODE-motif	IRF_disc4	IRF_disc4	     accagTccagtacccgccctctgagggtg       	0.721420771194608	0.869038852929227	7.46620501872996	8.93675273360031	0.00317587051540613	7.7209435403347e-05	1	1.47054771487035	strong
chr5	132464269	132464269	1	+	rs2706336	T	C	SNV	c(-5, 15)	RXRA	ENCODE-motif	RXRA_disc2	RXRA_disc2	gttctaccagTccagtacccgccctctgagggtgcccagg 	0.793405838787143	0.831970275688192	9.70168313951164	10.152716356769	0.000122293410186103	3.05343014588288e-05	1	0.451033217257386	weak
chr5	132464269	132464269	1	-	rs2706336	T	C	SNV	c(1, 7)	RXRA	ENCODE-motif	RXRA_disc5	RXRA_disc5	            cagtacccgccctct              	0.846675453353956	1	9.20655899275363	10.8457107696271	0.000244140625	0	1	1.63915177687346	strong
chr5	132464269	132464269	1	-	rs2706336	T	C	SNV	c(-5, 7)	SP1	ENCODE-motif	SP1_known5	SP1_known5	       cagTccagtacccgccctctgaggg         	0.819328305694983	0.941733385416272	6.4237118588951	7.33669223386128	0.00132308900356293	6.33597373962402e-05	1	0.912980374966183	strong
chr5	132464269	132464269	1	+	rs2706336	T	C	SNV	c(-3, 6)	SP1	ENCODE-motif	SP1_known6	SP1_known6	          Tccagtacccgccctctga            	0.823351401061754	0.932468386965106	6.46689993858412	7.28864846012163	0.00142765045166016	8.86917114257812e-05	1	0.821748521537502	strong
chr5	132464269	132464269	1	-	rs2706336	T	C	SNV	c(-5, 7)	SP1	ENCODE-motif	SP1_known2	SP1_known2	       cagTccagtacccgccctctgaggg         	0.784663776457775	0.923287616834629	6.65210429976164	7.77337615775391	0.00205105543136597	5.96046447753906e-05	1	1.12127185799227	strong
chr5	132464269	132464269	1	-	rs2706336	T	C	SNV	c(-4, 5)	SP1	ENCODE-motif	SP1_known4	SP1_known4	          Tccagtacccgccctctga            	0.793883364028316	0.934699651455304	6.32463171970972	7.39623028895214	0.00195217132568359	8.29696655273438e-05	1	1.07159856924242	strong
chr5	132464269	132464269	1	+	rs2706336	T	C	SNV	c(-5, 11)	SP4	ENCODE-motif	SP4_known_ref1	SP4_1	   ctaccagTccagtacccgccctctgagggtgcc     	0.752766629792901	0.906598376227492	7.95559837599512	9.52564391682203	0.00227264920249581	6.91330642439425e-05	1	1.57004554082691	strong
chr5	132464269	132464269	1	-	rs2706336	T	C	SNV	c(-8, 6)	SPZ1	ENCODE-motif	SPZ1_known_ref1	SPZ1_1	     accagTccagtacccgccctctgagggtg       	0.772162541269356	0.961316599490197	4.40748518478491	5.42911812710199	0.00588163733482361	5.69941475987434e-05	1	1.02163294231708	strong
chr5	132464269	132464269	1	-	rs2706336	T	C	SNV	c(-7, 7)	NA	FactorBook	SP1	SP1	     accagTccagtacccgccctctgagggtg       	0.7736938080613	0.918567394704026	7.45905959831458	8.80676125021218	0.00133011862635612	2.15694308280945e-05	1	1.3477016518976	strong
chr20	62386215	62386215	1	-	rs6121557	T	C	SNV	c(-8, 1)	GABPA	ENCODE-motif	ETS_disc4	ETS_disc4	          Gtctaccggtttggagctt            	0.975736849266633	0.79674121856349	9.14616381619092	7.50701203931746	2.95639038085938e-05	0.00235939025878906	1	-1.63915177687346	strong
chr20	62386215	62386215	1	-	rs6121557	T	C	SNV	c(-7, 2)	GRHL1	ENCODE-motif	GRHL1_known_ref2	GRHL1_2	          Gtctaccggtttggagctt            	0.914112539917876	0.783274341003249	8.46400922067394	7.28801285839982	5.05447387695312e-05	0.00157928466796875	1	-1.17599636227412	strong
chr20	62386215	62386215	1	-	rs6121557	T	C	SNV	c(-8, 3)	GRHL1	ENCODE-motif	GRHL1_known_ref3	GRHL1_3	        ccGtctaccggtttggagcttct          	0.879591303032767	0.736082921675043	9.68380343494543	8.14756619991674	7.49826431274414e-05	0.002113938331604	1	-1.53623723502869	strong
chr20	62386215	62386215	1	+	rs6121557	T	C	SNV	c(-14, -1)	RAD21	ENCODE-motif	RAD21_disc7	RAD21_disc7	     cctccGtctaccggcttggagcttctcct       	0.872604012073716	0.976970841237548	4.69832125803205	5.24021640818749	0.00188270676881075	4.24934551119804e-05	1	0.541895150155441	weak
chr20	62386215	62386215	1	-	rs6121557	T	C	SNV	c(-7, 2)	TFCP2	ENCODE-motif	TFCP2_known_ref4	TFCP2_4	          Gtctaccggtttggagctt            	0.906227192950407	0.800145699734369	7.75772055079852	6.87475538560906	6.96182250976562e-05	0.00116539001464844	1	-0.882965165189464	strong
chr6	30103530	30103530	1	+	rs17187896	G	A	SNV	c(-11, 1)	STAT4	HOCOMOCO	STAT4_si	STAT4_HUMAN	          cgtGttctctgaactggcttagctt            	0.754390342992836	0.915261553191868	6.82451910737062	8.22907199783277	0.0032668262720108	7.51763582229614e-05	1	1.40455289046215	strong
chr6	30103530	30103530	1	-	rs17187896	G	A	SNV	c(-9, 2)	STAT5A	HOCOMOCO	STA5A_do	STA5A_HUMAN	           gtGttctctgaactggcttagct             	0.774134853119307	0.94817150268795	7.67427434048496	9.35436494434898	0.00357043743133545	9.34004783630371e-05	1	1.68009060386401	strong
chr6	30103530	30103530	1	+	rs17187896	G	A	SNV	c(-8, 15)	STAT5A	ENCODE-motif	STAT_known6	STAT_known6	caccgctccccgtGttctctgaactggcttagcttgaaggaacctc 	0.737660406891762	0.875610685655559	8.05901825482177	9.48587538995806	0.00120572044193423	2.3974863179177e-05	1	1.42685713513628	strong
chr6	30103530	30103530	1	-	rs17187896	G	A	SNV	c(-9, 2)	STAT5A	HOMER	STAT5(Stat)/mCD4+-Stat5-ChIP-Seq(GSE12346)/Homer	STAT5	           gtGttctctgaactggcttagct             	0.795526812238947	0.943230939185267	8.90665314609789	10.5222242153062	0.00137603282928467	6.28829002380371e-05	1	1.61557106920835	strong
chr6	30103530	30103530	1	+	rs17187896	G	A	SNV	c(-10, 2)	STAT5B	HOCOMOCO	STA5B_f1	STA5B_HUMAN	          cgtGttctctgaactggcttagctt            	0.771798930785552	0.909015179979835	10.7926256532462	12.6843584850227	0.00132963061332703	6.03049993515015e-05	1	1.89173283177651	strong
chr6	30103530	30103530	1	-	rs17187896	G	A	SNV	c(-13, 4)	ZSCAN16	ENCODE-motif	ZSCAN16_known_ref1	ZSCAN16_1	     ctccccgtGttctctgaactggcttagcttgaagg       	0.661871784933912	0.740193283086708	14.2119697114692	15.8511214883427	0.000565960595849901	5.12176920892671e-05	1	1.63915177687345	strong
chr6	31307965	31307965	1	+	rs28600230	G	A	SNV	c(-10, 9)	HDAC2	ENCODE-motif	HDAC2_disc3	HDAC2_disc3	   tccaggtctgCaggtcctcgttcagggacatgaaatctc     	0.758368374119742	0.697992659521941	12.508002999579	11.5430873334453	9.02630063137622e-05	0.000567061552828818	1	-0.964915666133667	strong
chr6	31307965	31307965	1	+	rs28600230	G	A	SNV	c(-1, 10)	RARG	HOMER	RARg(NR)/ES-RARg-ChIP-Seq(GSE30538)/Homer	RARg	           tgCaggtcctcgttcagggacat             	0.851853332969853	0.73928070218395	9.97195379975077	8.67938488269969	5.0663948059082e-05	0.00105428695678711	1	-1.29256891705107	strong
chr6	31307965	31307965	1	+	rs28600230	G	A	SNV	c(-11, 9)	REST	ENCODE-motif	REST_known2	REST_known2	  gtccaggtctgCaggtcctcgttcagggacatgaaatctcc    	0.742774070420276	0.662356353623787	15.4339055478075	13.794753770934	4.68870946406241e-05	0.000650088284373851	1	-1.63915177687345	strong
chr6	31307965	31307965	1	+	rs28600230	G	A	SNV	c(-11, 9)	REST	ENCODE-motif	REST_known1	REST_known1	  gtccaggtctgCaggtcctcgttcagggacatgaaatctcc    	0.702809592614596	0.642714247430242	16.4443769885471	15.0765449234151	9.64002688306209e-05	0.000624262125938913	1	-1.36783206513205	strong
chr6	31307965	31307965	1	-	rs28600230	G	A	SNV	c(-8, 11)	THRB	ENCODE-motif	THRB_known_ref3	THRB_3	   tccaggtctgCaggtcctcattcagggacatgaaatctc     	0.729781023372761	0.769966399185465	12.6636313489975	13.3386433567478	0.000186944575034431	5.35221543032094e-05	1	0.675012007750338	weak
chr6	31307965	31307965	1	-	rs28600230	G	A	SNV	c(-13, -1)	NA	FactorBook	UA8	UA8	         tctgCaggtcctcattcagggacatga           	0.90233637459738	0.958638329417715	7.8333633547087	8.30753004692289	0.000574503093957901	6.29983842372894e-05	1	0.474166692214189	weak
chr5	132465058	132465058	1	-	rs72797306	G	C	SNV	c(-3, 6)	FOXA1	ENCODE-motif	FOXA_disc2	FOXA_disc2	             Gatccatgtcattatttgc               	0.838802186140763	0.876880303626259	11.3417623816334	11.8487146871921	0.00022125244140625	4.38690185546875e-05	1	0.506952305558645	weak
chr5	132465058	132465058	1	-	rs72797306	G	C	SNV	c(-5, 12)	FOXB1	ENCODE-motif	FOXB1_known_ref2	FOXB1_2	     ttttcagaGatccatgtcattatttgcctaatgtc       	0.778820442207899	0.814839659279711	11.4004752899194	11.9075977423381	8.15171515569091e-05	2.46862473431975e-05	1	0.507122452418713	weak
chr5	132465058	132465058	1	-	rs72797306	G	C	SNV	c(-1, 9)	FOXC1	ENCODE-motif	FOXC1_known_ref6	FOXC1_6	            aGatccatgtgattatttgcc              	0.842947543129273	0.775270741482587	10.47699113575	9.65563049671846	9.22679901123047e-05	0.000512361526489258	1	-0.821360639031569	strong
chr5	132465058	132465058	1	+	rs72797306	G	C	SNV	c(-7, 2)	MITF	HOCOMOCO	MITF_f1	MITF_HUMAN	             Gatccatgtgattatttgc               	0.993222010922279	0.790559195322993	9.29801709478867	7.42923130612959	3.52859497070312e-05	0.00529575347900391	1	-1.86878578865908	strong
chr5	132465058	132465058	1	+	rs72797306	G	C	SNV	c(-14, 1)	PAX5	HOMER	PAX5(Paired,Homeobox)/GM12878-PAX5-ChIP-Seq(GSE32465)/Homer	PAX5	       ttcagaGatccatgtcattatttgcctaatg         	0.772370017164178	0.83309803462027	6.47653102569775	6.95973713624171	0.000457616522908211	7.29928724467754e-05	1	0.483206110543962	weak
chr5	132465058	132465058	1	+	rs72797306	G	C	SNV	c(-5, 9)	PDX1	ENCODE-motif	PDX1_known_ref2	PDX1_2	        tcagaGatccatgtcattatttgcctaat          	0.877045611283676	0.958819946657696	6.8409550073362	7.45600678524646	0.00133605487644672	5.31543046236038e-05	1	0.615051777910265	weak
chr5	132465058	132465058	1	-	rs72797306	G	C	SNV	c(-5, 11)	NA	HOMER	RBPJ:Ebox(?,bHLH)/Panc1-Rbpj1-ChIP-Seq(GSE47459)/Homer	RBPJ:Ebox	      tttcagaGatccatgtgattatttgcctaatgt        	0.881574736174762	0.751954186424713	8.51208909822168	7.29808638164429	5.2997434977442e-05	0.00148491567233577	1	-1.21400271657739	strong
chr5	96801755	96801755	1	+	rs186474654	G	A	SNV	c(-6, 5)	FOS	ENCODE-motif	AP1_disc7	AP1_disc7	     caGgaggctgaggcaggagaatt       	0.9891708424707	0.921742355480277	6.14090016469927	5.73201298050359	2.02059745788574e-05	0.00107437372207642	1	-0.408887184195685	weak
chr5	96801755	96801755	1	+	rs186474654	G	A	SNV	c(-6, 4)	MAF	ENCODE-motif	MAF_known2	MAF_known2	      aGgaggctgaggcaggagaat        	0.923061583628124	0.798834767698013	5.77085424842745	5.02903994002388	9.20295715332031e-05	0.00226879119873047	1	-0.74181430840357	strong
chr5	96801755	96801755	1	+	rs186474654	G	A	SNV	c(-6, 4)	NFE2	ENCODE-motif	NFE2_known1	NFE2_known1	      aGgaggctgaggcaggagaat        	0.871527985335481	0.819451709617816	9.86527185570605	9.28526079694534	9.05990600585938e-05	0.000339508056640625	1	-0.580011058760714	weak
chr5	96801755	96801755	1	+	rs186474654	G	A	SNV	c(-6, 1)	PAX5	HOCOMOCO	PAX5_si	PAX5_HUMAN	         aggctgaggcaggag           	1	0.91767291339285	9.04298675831533	8.30145789829898	0	0.000701904296875	1	-0.741528860016354	strong
chr5	96801755	96801755	1	+	rs186474654	G	A	SNV	c(-11, 2)	POLR3A	ENCODE-motif	BDP1_disc3	BDP1_disc3	   ctcaGgaggctgaggcaggagaattgc     	0.966660653171678	0.713441395220616	6.40034994350078	4.76119816662733	4.4308602809906e-05	0.0368231683969498	1	-1.63915177687346	strong
chr5	96801755	96801755	1	+	rs186474654	G	A	SNV	c(-1, 7)	STAT3	ENCODE-motif	STAT_disc6	STAT_disc6	        gaggctgaggcaggaga          	0.931272803954375	0.790517432762582	11.0008642090646	9.36171243219119	1.9073486328125e-05	0.000762939453125	1	-1.63915177687346	strong
chr5	96801755	96801755	1	+	rs186474654	G	A	SNV	c(-7, 6)	TFAP2D	HOCOMOCO	AP2D_f1	AP2D_HUMAN	   ctcaGgaggctgaggcaggagaattgc     	0.873314729945548	0.739785693644762	7.34216480322422	6.29356876638234	6.29015266895294e-05	0.00166979059576988	1	-1.04859603684188	strong
chr6	32172500	32172500	1	-	rs3130348	C	A	SNV	c(-3, 8)	BHLHE22	ENCODE-motif	BHLHE22_known_ref1	BHLHE22_1	     ttAaaatgatgcatatgatagtc       	0.918178321977541	0.775541678128077	10.6448258999304	9.02398887373458	6.19888305664062e-05	0.00150370597839355	1	-1.62083702619584	strong
chr6	32172500	32172500	1	-	rs3130348	C	A	SNV	c(-2, 7)	BHLHE23	ENCODE-motif	BHLHE23_known_ref1	BHLHE23_1	       Aaaatgatgcatatgatag         	0.94657171067162	0.786947947084565	9.37007673145711	7.82317428514929	7.2479248046875e-05	0.00227260589599609	1	-1.54690244630782	strong
chr6	32172500	32172500	1	+	rs3130348	C	A	SNV	c(-9, 2)	MAFF	ENCODE-motif	MAF_disc2	MAF_disc2	     ttAaaatgatgaatatgatagtc       	0.820266023263787	0.895586749299937	8.32923329988212	9.05513581880447	0.000250577926635742	2.24709510803223e-05	1	0.72590251892235	strong
chr6	32172500	32172500	1	+	rs3130348	C	A	SNV	c(-5, 4)	NANOG	ENCODE-motif	NANOG_disc1	NANOG_disc1	       Aaaatgatgcatatgatag         	0.934356918709397	0.8404093572704	7.74601924117404	6.9852869039946	6.00814819335938e-05	0.000680923461914062	1	-0.760732337179436	strong
chr6	32172500	32172500	1	-	rs3130348	C	A	SNV	c(-2, 7)	OLIG1	ENCODE-motif	OLIG1_known_ref1	OLIG1_1	       Aaaatgatgcatatgatag         	0.914112985554357	0.772753756265814	10.4247446258141	8.84150339310035	6.58035278320312e-05	0.00160121917724609	1	-1.58324123271373	strong
chr6	32172500	32172500	1	-	rs3130348	C	A	SNV	c(-2, 7)	OLIG2	ENCODE-motif	OLIG2_known_ref1	OLIG2_1	       Aaaatgatgcatatgatag         	0.92461730988452	0.821476841762333	8.41922182441686	7.50277592404978	7.34329223632812e-05	0.000732421875	1	-0.916445900367081	strong
chr6	32172500	32172500	1	-	rs3130348	C	A	SNV	c(-2, 7)	OLIG2	ENCODE-motif	OLIG2_known_ref2	OLIG2_2	       Aaaatgatgcatatgatag         	0.924928886978107	0.805813865906212	8.99026885285013	7.85766142833721	7.15255737304688e-05	0.00101566314697266	1	-1.13260742451292	strong
chr6	32172500	32172500	1	-	rs3130348	C	A	SNV	c(-2, 7)	OLIG3	ENCODE-motif	OLIG3_known_ref1	OLIG3_1	       Aaaatgatgcatatgatag         	0.934658483502049	0.825484334789023	7.71655424720688	6.83721898850721	7.62939453125e-05	0.000738143920898438	1	-0.879335258699663	strong
chr6	32172500	32172500	1	-	rs3130348	C	A	SNV	c(-14, 3)	POU1F1	ENCODE-motif	POU1F1_known_ref2	POU1F1_2	aactcttAaaatgatgaatatgatagtctagaaa 	0.824417910208021	0.88671185777655	6.85239365446776	7.35312954646555	0.000428282379289158	3.29845497617498e-05	1	0.500735891997788	weak
chr6	32172500	32172500	1	+	rs3130348	C	A	SNV	c(-4, 4)	POU2F2	HOCOMOCO	PO2F2_si	PO2F2_HUMAN	        aaatgatgcatatgata          	0.896263975914807	0.770318913598219	12.2904839043418	10.5669854162103	8.0108642578125e-05	0.00124359130859375	1	-1.72349848813149	strong
chr6	32172500	32172500	1	-	rs3130348	C	A	SNV	c(-3, 4)	POU2F2	ENCODE-motif	POU2F2_disc1	POU2F2_disc1	         aatgatgcatatgat           	0.951680965406667	0.833165446160449	6.32289797352723	5.57863197029276	1.52587890625e-05	0.00067138671875	1	-0.744266003234474	strong
chr6	32172500	32172500	1	+	rs3130348	C	A	SNV	c(-8, 8)	POU3F3	ENCODE-motif	POU3F3_known_ref1	POU3F3_1	aactcttAaaatgatgcatatgatagtctagaa  	0.907639061067029	0.803688326155915	9.38381611086084	8.35146684629751	1.99582427740097e-05	0.000369216955732554	1	-1.03234926456333	strong
chr6	32172500	32172500	1	-	rs3130348	C	A	SNV	c(-5, 7)	NA	FactorBook	POU2F2	POU2F2	    cttAaaatgatgcatatgatagtct      	0.911577620645376	0.810295408892694	9.70405447168047	8.65351138989856	8.28653573989868e-05	0.000779688358306885	1	-1.05054308178191	strong
chr15	43267033	43267033	1	-	rs748404	T	C	SNV	c(-4, 8)	WT1	HOCOMOCO	WT1_f1	WT1_HUMAN	    ggtTtgctcactcgccctcaggttt      	0.702050710987358	0.900423811707142	6.65377637614924	8.46392890715114	0.00731381773948669	7.63386487960815e-05	1	1.8101525310019	strong
chr15	43267033	43267033	1	+	rs748404	T	C	SNV	c(-4, 10)	NA	FactorBook	AP2	AP2	  ctggtTtgctcacttgccctcaggttttt    	0.944906219146197	0.892238544449577	8.26377246232042	7.81833099172813	1.89226120710373e-05	0.000241166912019253	1	-0.445441470592292	weak
